# C++(参考, oracle) 测试 ↔ Rust(移植) 测试的等价映射表 —— emf-sphinx 模块
#
# 列: group<TAB>cpp_test<TAB>rust_test<TAB>pkg
#   group    : emf-sphinx 内的来源文件(EcoreResourceUtilTests / MetaModelDescriptorTests /
#              OrderedFeatureMapTests / ResourceTests / ScopingTests)
#   cpp_test : C++ 单元测试名(来自 emf-cpp/emf-sphinx/tests, 以 EMF_TEST 注册)
#   rust_test: 对应的 Rust 测试路径(cargo test -p emf-sphinx <path> -- --exact)
#   pkg      : 所属 crate(emf-sphinx)
#
# 规则:
#   - 已映射且 Rust 同名校验通过 => PASS(行为等价)
#   - 已映射但 Rust 测试缺失 => PENDING(等价待实现, 可接受)
#   - 未映射的 C++ 测试 => PENDING(尚未核对), 逐步补齐
#   - 已映射但 Rust 测试失败 => REGRESSION(必须修复)
# 以 # 开头的行为注释, 忽略。
#
# ExtendedResourceTests / ModelDescriptorTests / ProxyHelperTests 在 C++ 侧只有一行
# `#include <cstdio>`(无任何断言), 故无对应 Rust 测试。

group	cpp_test	rust_test	pkg
EcoreResourceUtilTests	EcoreResourceUtil_ConvertToAbsoluteFileURI	ecore_resource_util_convert_to_absolute_file_uri	emf-sphinx
EcoreResourceUtilTests	EcoreResourceUtil_ConvertToPlatformResourceURI	ecore_resource_util_convert_to_platform_resource_uri	emf-sphinx
EcoreResourceUtilTests	EcoreResourceUtil_Exists	ecore_resource_util_exists	emf-sphinx
EcoreResourceUtilTests	EcoreResourceUtil_GetURI_NullObject	ecore_resource_util_get_uri_null_object	emf-sphinx
EcoreResourceUtilTests	EcoreResourceUtil_NormalizeURIFragment_Null	ecore_resource_util_normalize_uri_fragment_null	emf-sphinx
EcoreResourceUtilTests	EcoreResourceUtil_ReadModelNamespace_Null	ecore_resource_util_read_model_namespace_null	emf-sphinx
EcoreResourceUtilTests	EcoreResourceUtil_ReadTargetNamespace_Null	ecore_resource_util_read_target_namespace_null	emf-sphinx
EcoreResourceUtilTests	EcoreResourceUtil_ReadRootElementComments	ecore_resource_util_read_root_element_comments	emf-sphinx
EcoreResourceUtilTests	EcoreResourceUtil_ReadSchemaLocationEntries	ecore_resource_util_read_schema_location_entries	emf-sphinx
EcoreResourceUtilTests	EcoreResourceUtil_DefaultLoadOptions	ecore_resource_util_default_load_options	emf-sphinx
EcoreResourceUtilTests	EcoreResourceUtil_DefaultSaveOptions	ecore_resource_util_default_save_options	emf-sphinx
EcoreResourceUtilTests	EcoreResourceUtil_GetModelRoot_Null	ecore_resource_util_get_model_root_null	emf-sphinx
EcoreResourceUtilTests	EcoreResourceUtil_IsResourceLoaded_Null	ecore_resource_util_is_resource_loaded_null	emf-sphinx
EcoreResourceUtilTests	EcoreResourceUtil_GetModelName_Null	ecore_resource_util_get_model_name_null	emf-sphinx
EcoreResourceUtilTests	EcoreResourceUtil_LoadResource_Null	ecore_resource_util_load_resource_null	emf-sphinx
EcoreResourceUtilTests	EcoreResourceUtil_LoadEObject_Null	ecore_resource_util_load_eobject_null	emf-sphinx
EcoreResourceUtilTests	EcoreResourceUtil_GetEObject_Null	ecore_resource_util_get_eobject_null	emf-sphinx
EcoreResourceUtilTests	EcoreResourceUtil_AddNewModelResource_Null	ecore_resource_util_add_new_model_resource_null	emf-sphinx
EcoreResourceUtilTests	EcoreResourceUtil_SaveModelResource_Null	ecore_resource_util_save_model_resource_null	emf-sphinx
EcoreResourceUtilTests	EcoreResourceUtil_UnloadResource_Null	ecore_resource_util_unload_resource_null	emf-sphinx
MetaModelDescriptorTests	MetaModelDescriptor_Basic3Arg	meta_model_descriptor_basic3arg	emf-sphinx
MetaModelDescriptorTests	MetaModelDescriptor_MultiEPackage	meta_model_descriptor_multi_epackage	emf-sphinx
MetaModelDescriptorTests	MetaModelDescriptor_WithVersion	meta_model_descriptor_with_version	emf-sphinx
MetaModelDescriptorTests	MetaModelDescriptor_MatchesNamespace	meta_model_descriptor_matches_namespace	emf-sphinx
MetaModelDescriptorTests	MetaModelDescriptor_MatchesEPackagePattern	meta_model_descriptor_matches_epackage_pattern	emf-sphinx
MetaModelDescriptorTests	MetaModelDescriptor_Equals	meta_model_descriptor_equals	emf-sphinx
MetaModelDescriptorTests	MetaModelDescriptor_HashCode	meta_model_descriptor_hash_code	emf-sphinx
MetaModelDescriptorTests	MetaModelDescriptor_Ordinal	meta_model_descriptor_ordinal	emf-sphinx
MetaModelDescriptorTests	MetaModelDescriptor_Compatible	meta_model_descriptor_compatible	emf-sphinx
MetaModelDescriptorTests	MetaModelDescriptor_SetVersionData	meta_model_descriptor_set_version_data	emf-sphinx
MetaModelDescriptorTests	MetaModelVersionData_Fields	meta_model_version_data_fields	emf-sphinx
MetaModelDescriptorTests	MetaModelVersionData_Equals	meta_model_version_data_equals	emf-sphinx
MetaModelDescriptorTests	MetaModelDescriptorRegistry_RegisterAndLookup	meta_model_descriptor_registry_register_and_lookup	emf-sphinx
MetaModelDescriptorTests	MetaModelDescriptorRegistry_LookupByObject	meta_model_descriptor_registry_lookup_by_object	emf-sphinx
MetaModelDescriptorTests	MetaModelDescriptorRegistry_NoDuplicate	meta_model_descriptor_registry_no_duplicate	emf-sphinx
MetaModelDescriptorTests	MetaModelDescriptorRegistry_Multiple	meta_model_descriptor_registry_multiple	emf-sphinx
MetaModelDescriptorTests	MetaModelDescriptorRegistry_TargetAndOld	meta_model_descriptor_registry_target_and_old	emf-sphinx
MetaModelDescriptorTests	MetaModelDescriptorRegistry_LookupByResource	meta_model_descriptor_registry_lookup_by_resource	emf-sphinx
OrderedFeatureMapTests	OrderedFeatureMap_InitiallyEmpty	ordered_feature_map_initially_empty	emf-sphinx
OrderedFeatureMapTests	OrderedFeatureMap_AddOrderedByFeatureID	ordered_feature_map_add_ordered_by_feature_id	emf-sphinx
OrderedFeatureMapTests	OrderedFeatureMap_SameFeatureIDOrderedByIndex	ordered_feature_map_same_feature_id_ordered_by_index	emf-sphinx
OrderedFeatureMapTests	OrderedFeatureMap_GetByFeature	ordered_feature_map_get_by_feature	emf-sphinx
OrderedFeatureMapTests	OrderedFeatureMap_Clear	ordered_feature_map_clear	emf-sphinx
OrderedFeatureMapTests	OrderedFeatureMap_DefaultOrder	ordered_feature_map_default_order	emf-sphinx
OrderedFeatureMapTests	OrderedFeatureMap_SizeGrows	ordered_feature_map_size_grows	emf-sphinx
ResourceTests	SchemaLocationURIHandler_ParseSimple	schema_location_uri_handler_parse_simple	emf-sphinx
ResourceTests	SchemaLocationURIHandler_ParseEmpty	schema_location_uri_handler_parse_empty	emf-sphinx
ResourceTests	SchemaLocationURIHandler_ParseSingle	schema_location_uri_handler_parse_single	emf-sphinx
ResourceTests	SchemaLocationURIHandler_ParseOddTokens	schema_location_uri_handler_parse_odd_tokens	emf-sphinx
ResourceTests	SchemaLocationURIHandler_ParseMultipleSpaces	schema_location_uri_handler_parse_multiple_spaces	emf-sphinx
ResourceTests	SchemaLocationURIHandler_GetNull	schema_location_uri_handler_get_null	emf-sphinx
ResourceTests	SchemaLocationURIHandler_GetFromResource	schema_location_uri_handler_get_from_resource	emf-sphinx
ResourceTests	ExtendedBasicExtendedMetaData_CacheKey	extended_basic_extended_meta_data_cache_key	emf-sphinx
ResourceTests	ExtendedBasicExtendedMetaData_CacheKeyEmpty	extended_basic_extended_meta_data_cache_key_empty	emf-sphinx
ResourceTests	ModelConverterRegistry_AddAndFind	model_converter_registry_add_and_find	emf-sphinx
ResourceTests	ModelConverterRegistry_NoDuplicate	model_converter_registry_no_duplicate	emf-sphinx
ResourceTests	ModelConverterRegistry_RemoveNull	model_converter_registry_remove_null	emf-sphinx
ResourceTests	ModelConverterRegistry_FindByMetamodels	model_converter_registry_find_by_metamodels	emf-sphinx
ScopingTests	FileResourceScope_BelongsToURI	file_resource_scope_belongs_to_uri	emf-sphinx
ScopingTests	FileResourceScope_RootAndPersisted	file_resource_scope_root_and_persisted	emf-sphinx
ScopingTests	FileResourceScope_IsShared	file_resource_scope_is_shared	emf-sphinx
ScopingTests	FileResourceScope_BelongsToResource	file_resource_scope_belongs_to_resource	emf-sphinx
ScopingTests	FileResourceScopeProvider_ByURI	file_resource_scope_provider_by_uri	emf-sphinx
ScopingTests	FileResourceScopeProvider_ByResource	file_resource_scope_provider_by_resource	emf-sphinx
ScopingTests	FileResourceScopeProvider_ByEObject_Null	file_resource_scope_provider_by_eobject_null	emf-sphinx
ScopingTests	ResourceScopeProviderRegistry_RegisterAndCreate	resource_scope_provider_registry_register_and_create	emf-sphinx
ScopingTests	ResourceScopeProviderRegistry_RegisterProvider	resource_scope_provider_registry_register_provider	emf-sphinx
ScopingTests	ResourceScopeProviderRegistry_DuplicateRegister	resource_scope_provider_registry_duplicate_register	emf-sphinx