# C++(参考, oracle) 测试 ↔ Rust(移植) 测试的等价映射表 —— emf-xmi 模块
#
# 列: group<TAB>cpp_test<TAB>rust_test<TAB>pkg
#   group    : emf-xmi 的 C++ 测试文件
#   cpp_test : C++ 单元测试名(emf-cpp/emf-xmi/tests, 以 EMF_TEST 注册)
#   rust_test: 对应的 Rust 测试(cargo test -p <pkg> <path> -- --exact)
#   pkg      : 所属 crate(emf-xmi / emf-ecore-codegen / emf-ecore)
#
# 规则:
#   - 已映射且 Rust 同名校验通过 => PASS(行为等价)
#   - 已映射但 Rust 测试缺失 => PENDING(等价待实现, 可接受)
#   - 未映射的 C++ 测试 => PENDING(尚未核对), 逐步补齐
#   - 已映射但 Rust 测试失败 => REGRESSION(必须修复)
# 以 # 开头的行为注释, 忽略。
#
# 未映射(PENDING): XMISaver 的 ElementKind/UseEncodedAttributeStyle(无对应)、E2E_GenModel_CppProducesXmi_JavaConsumes、
# StaticDynamic_StaticXmi_EqualsDynamicXmi(C++ 侧即失败)、Placeholder(空测试)、以及 RuntimeBehavior 中
# eContainingFeature/eGet-UnsetSingle/eOperationAnnotation/EGenericType/MultiValueContainment/eContents/eResource 等
# Rust 侧无独立对照项者。

group	cpp_test	rust_test	pkg
XMISaverTests	XMISaver_EmptyResource_OutputsEmptyXmi	empty_package_emits_epackage_root	emf-xmi
XMISaverTests	XMISaver_Options_CustomEncoding	options_custom_encoding	emf-xmi
XMISaverTests	XMISaver_Options_CustomXmiVersion	options_custom_xmi_version	emf-xmi
XMISaverTests	XMISaver_Options_NoXmlDeclaration	options_no_xml_declaration	emf-xmi
XMISaverTests	XMISaver_SaveEAttribute_ETypeEcoreBuiltin	save_eattribute_etype_ecore_builtin	emf-xmi
XMISaverTests	XMISaver_SaveEAttribute_IDFlag	save_eattribute_id_flag	emf-xmi
XMISaverTests	XMISaver_SaveEClass_AbstractFlag	save_eclass_abstract_flag	emf-xmi
XMISaverTests	XMISaver_SaveEEnum_Literals	save_eenum_literals	emf-xmi
XMISaverTests	XMISaver_SaveEPackage_EClassOutput	save_epackage_eclass_out	emf-xmi
XMISaverTests	XMISaver_SaveEPackage_Structure	save_epackage_structure	emf-xmi
XMISaverTests	XMISaver_SaveEReference_ResolveProxiesFalse	save_ereference_resolve_proxies_false	emf-xmi
XMISaverTests	XMISaver_SaveEReference_SamePackageEType	save_ereference_same_package_etype	emf-xmi
XMILoaderTests	XMILoader_AutoRegisterToPackageRegistry	loads_and_registers_into_registry	emf-ecore-codegen
XMILoaderTests	XMILoader_EAttribute_BoundsDefaultID	load_eattribute_bounds_default_id	emf-ecore-codegen
XMILoaderTests	XMILoader_EClass_AbstractAndInterface	load_eclass_abstract_and_interface	emf-ecore-codegen
XMILoaderTests	XMILoader_EReference_ContainmentAndResolveProxies	load_ereference_containment_and_resolve_proxies	emf-ecore-codegen
XMILoaderTests	XMILoader_ESuperTypes_SamePackage	load_esupertypes_same_package	emf-ecore-codegen
XMILoaderTests	XMILoader_ETypeResolution_EcoreBuiltinEString	load_etype_resolution_ecore_builtin_estring	emf-ecore-codegen
XMILoaderTests	XMILoader_ETypeResolution_SamePackageReference	load_etype_resolution_same_package_reference	emf-ecore-codegen
XMILoaderTests	XMILoader_LoadEDataType	load_edatatype	emf-ecore-codegen
XMILoaderTests	XMILoader_LoadEEnum_WithLiterals	load_eenum_with_literals	emf-ecore-codegen
XMILoaderTests	XMILoader_LoadSimpleEPackage_EClassAndEAttribute	load_simple_epackage_eclass_and_eattribute	emf-ecore-codegen
XMILoaderTests	XMILoader_LoadSimpleEPackage_Metadata	load_simple_epackage_metadata	emf-ecore-codegen
XMILoaderTests	XMILoader_XmiIdRegistration	xmi_id_registered_on_load	emf-xmi
XMIResourceFactoryTests	XMIResourceFactory_CustomExtension	custom_extension_registration	emf-xmi
XMIResourceFactoryTests	XMIResourceFactory_DirectCreate	direct_create	emf-xmi
XMIResourceFactoryTests	XMIResourceFactory_RegisterDefaults	register_defaults_xmi_and_ecore	emf-xmi
XMIResourceFactoryTests	XMIResourceFactory_UnknownExtensionFallback	unknown_extension_fallback	emf-xmi
XMIHelperTests	XMIHelper_NamespaceConstants	namespace_constants	emf-xmi
XMIHelperTests	XMIHelper_escapeXmlAttr_AllSpecials	escape_attr_all_specials	emf-xmi
XMIHelperTests	XMIHelper_escapeXmlAttr_BasicChars	escape_attr_basic_chars	emf-xmi
XMIHelperTests	XMIHelper_escapeXmlAttr_ControlChars	escape_attr_control_chars	emf-xmi
XMIHelperTests	XMIHelper_escapeXmlAttr_Empty	escape_attr_empty	emf-xmi
XMIHelperTests	XMIHelper_escapeXmlAttr_NoSpecialChars	escape_attr_no_special_chars	emf-xmi
XMIHelperTests	XMIHelper_escapeXmlAttr_NonAscii	escape_attr_non_ascii	emf-xmi
XMIHelperTests	XMIHelper_escapeXmlAttr_Utf8Passthrough	escape_attr_utf8_passthrough	emf-xmi
XMIHelperTests	XMIHelper_escapeXmlText_BasicChars	escape_text_basic_chars	emf-xmi
XMIHelperTests	XMIHelper_escapeXmlText_KeepsNewlineTab	escape_text_keeps_newline_tab	emf-xmi
XMIHelperTests	XMIHelper_escapeXmlText_NoSpecialChars	escape_text_no_special_chars	emf-xmi
XMIHelperTests	XMIHelper_splitHref_EcoreEClassForm	split_href_ecore_eclass_form	emf-xmi
XMIHelperTests	XMIHelper_splitHref_EcoreEDataTypeForm	split_href_ecore_edatatype_form	emf-xmi
XMIHelperTests	XMIHelper_splitHref_OnlyFragment	split_href_only_fragment	emf-xmi
XMIHelperTests	XMIHelper_splitHref_OnlyPath	split_href_only_path	emf-xmi
XMIHelperTests	XMIHelper_splitHref_PathAndFragment	split_href_path_and_fragment	emf-xmi
XMIHelperTests	XMIHelper_splitQName_EmptyString	split_qname_empty_string	emf-xmi
XMIHelperTests	XMIHelper_splitQName_NoColon	split_qname_no_colon	emf-xmi
XMIHelperTests	XMIHelper_splitQName_WithPrefix	split_qname_with_prefix	emf-xmi
XMIHelperTests	XMIHelper_stripFragmentSlash_DoubleSlash	strip_fragment_double_slash	emf-xmi
XMIHelperTests	XMIHelper_stripFragmentSlash_Empty	strip_fragment_empty	emf-xmi
XMIHelperTests	XMIHelper_stripFragmentSlash_NoSlash	strip_fragment_no_slash	emf-xmi
XMIHelperTests	XMIHelper_stripFragmentSlash_PathStyle	strip_fragment_path_style	emf-xmi
XMIHelperTests	XMIHelper_stripFragmentSlash_SingleSlash	strip_fragment_single_slash	emf-xmi
XMLHelperTests	XMLHelper_FeatureKindConstants	xml_helper_feature_kind_constants	emf-xmi
XMLHelperTests	XMLHelperImpl_BaseURI	xml_helper_base_uri	emf-xmi
XMLHelperTests	XMLHelperImpl_EncodingMapping	xml_helper_encoding_mapping	emf-xmi
XMLHelperTests	XMLHelperImpl_NamespaceContext_AddAndGet	xml_helper_namespace_context_add_and_get	emf-xmi
XMLHelperTests	XMLHelperImpl_NamespaceContext_NestedContexts	xml_helper_namespace_context_nested	emf-xmi
XMLHelperTests	XMLHelperImpl_NamespaceContext_PopClears	xml_helper_namespace_context_pop_clears	emf-xmi
XMLHelperTests	XMLHelperImpl_NoNamespacePackage	xml_helper_no_namespace_package	emf-xmi
XMLHelperTests	XMLHelperImpl_ResourceSetterGetter	xml_helper_resource_setter_getter	emf-xmi
XMLSaveTests	XMLSave_DefaultImpl_NotNull	xml_save_default_impl_not_null_and_cached	emf-xmi
XMLSaveTests	XMLSave_DefaultImpl_Roundtrips	xml_save_default_impl_roundtrips	emf-xmi
XMLSaveTests	XMLSave_Injection_CustomImpl_Called	xml_save_injection_custom_impl_called	emf-xmi
XMLLoadTests	XMLLoad_DefaultImpl_NotNull	xml_load_default_impl_not_null_and_cached	emf-xmi
XMLLoadTests	XMLLoad_Injection_CustomImpl_Called	xml_load_injection_custom_impl_called	emf-xmi
P3_XMLSaveLoadUUIDTests	UUID_Format_v4	generate_uuid_is_v4_format	emf-xmi
P3_XMLSaveLoadUUIDTests	UUID_Generation_Unique	generate_uuid_unique_over_1000	emf-xmi
P3_XMLSaveLoadUUIDTests	UseUUIDs_Disabled_ensureID_NoAssign	ensure_id_disabled_assigns_none	emf-xmi
P3_XMLSaveLoadUUIDTests	UseUUIDs_Enabled_ensureID_AssignUUID	ensure_id_enabled_assigns_idempotent_uuid	emf-xmi
P3_5_GetEObjectByIDHrefTests	GetEObject_ByClassName_Lookup	get_eobject_by_class_name	emf-xmi
P3_5_GetEObjectByIDHrefTests	GetEObject_DoubleSlashClassName_Lookup	get_eobject_double_slash_class_name	emf-xmi
P3_5_GetEObjectByIDHrefTests	GetEObject_EmptyFragment_ReturnsNull	get_eobject_empty_fragment_none	emf-xmi
P3_5_GetEObjectByIDHrefTests	GetEObject_QuestionMarkId_Lookup	get_eobject_question_mark_id	emf-xmi
P3_5_GetEObjectByIDHrefTests	GetEObject_UnknownName_ReturnsNull	get_eobject_unknown_name_none	emf-xmi
P3_5_GetEObjectByIDHrefTests	GetEObjectByID_GetID_UnregisteredObject_EmptyString	get_id_unregistered_object_empty	emf-xmi
P3_5_GetEObjectByIDHrefTests	GetEObjectByID_IDMapContainsAllRegistered	id_map_contains_all_registered	emf-xmi
P3_5_GetEObjectByIDHrefTests	GetEObjectByID_ResolvePositionPath_ClassifierName	resolve_position_path_classifier_name	emf-xmi
P3_5_GetEObjectByIDHrefTests	GetEObjectByID_ResolvePositionPath_FirstChild	resolve_position_path_first_child	emf-xmi
P3_5_GetEObjectByIDHrefTests	GetEObjectByID_SetGetID_Roundtrip	set_id_get_id_roundtrip	emf-xmi
P3_5_GetEObjectByIDHrefTests	GetEObjectByID_SetID_OverwritesOld	set_id_overwrites_old	emf-xmi
P3_5_GetEObjectByIDHrefTests	GetEObjectByID_UnknownID_ReturnsNull	unknown_id_returns_none	emf-xmi
P3_5_GetEObjectByIDHrefTests	GetEObjectByID_XmiIdRegisteredOnLoad	xmi_id_registered_on_load	emf-xmi
RoundtripTests	Roundtrip_EClass_AbstractFlagPreserved	roundtrip_ecore_abstract_flag_preserved	emf-ecore-codegen
RoundtripTests	Roundtrip_EEnum_LiteralsPreserved	roundtrip_eenum_literals_preserved	emf-ecore-codegen
RoundtripTests	Roundtrip_Ecore_ClassifiersPreserved	roundtrip_ecore_classifiers_preserved	emf-ecore-codegen
RoundtripTests	Roundtrip_Ecore_DefaultValueLiteralPreserved	roundtrip_ecore_default_value_literal_preserved	emf-ecore-codegen
RoundtripTests	Roundtrip_Ecore_FeaturesAndTypesPreserved	roundtrip_ecore_features_and_types_preserved	emf-ecore-codegen
RoundtripTests	Roundtrip_Ecore_PackageMetadataPreserved	roundtrip_ecore_package_metadata_preserved	emf-ecore-codegen
RoundtripTests	Roundtrip_Ecore_SaveIsIdempotent	roundtrip_ecore_save_is_idempotent	emf-ecore-codegen
RoundtripTests	Roundtrip_EmptyPackage_Idempotent	roundtrip_empty_package_idempotent	emf-ecore-codegen
RoundtripTests	Roundtrip_XmiIdPreserved	roundtrip_id_and_resolve_proxies_preserved	emf-ecore-codegen
RoundtripTests	Roundtrip_ContainmentReference_Stable	roundtrip_reference_containment_preserved	emf-ecore-codegen
E2E_GenModelXmiEquivalentReplacementTests	E2E_Equiv_CppSaveContainsJavaFormatElements	save_contains_java_format_elements	emf-ecore-codegen
E2E_GenModelXmiEquivalentReplacementTests	E2E_Equiv_CppSave_SingleEcoreRoot	save_single_ecore_root	emf-ecore-codegen
E2E_GenModelXmiEquivalentReplacementTests	E2E_Equiv_LoadJavaStyleEcore_StructureParsed	load_java_style_ecore_structure_parsed	emf-ecore-codegen
E2E_GenModelXmiEquivalentReplacementTests	E2E_Equiv_LoadSampleFile_SaveBack	load_sample_file_save_back	emf-ecore-codegen
E2E_GenModelXmiEquivalentReplacementTests	E2E_Equiv_Roundtrip_AttributeETypePreserved	roundtrip_attribute_etype_preserved	emf-ecore-codegen
E2E_GenModelXmiEquivalentReplacementTests	E2E_Equiv_Roundtrip_ClassifiersPreserved	roundtrip_classifiers_preserved	emf-ecore-codegen
E2E_GenModelXmiEquivalentReplacementTests	E2E_Equiv_Roundtrip_DefaultValueLiteralPreserved	roundtrip_default_value_literal_preserved	emf-ecore-codegen
E2E_GenModelXmiEquivalentReplacementTests	E2E_Equiv_Roundtrip_PackageMetadataPreserved	roundtrip_package_metadata_preserved	emf-ecore-codegen
E2E_GenModelXmiEquivalentReplacementTests	E2E_Equiv_Roundtrip_ReferenceContainmentPreserved	roundtrip_reference_containment_preserved	emf-ecore-codegen
E2E_GenModelXmiEquivalentReplacementTests	E2E_Equiv_SaveIdempotent	save_idempotent	emf-ecore-codegen
E2E_GenModelXmiTests	E2E_GenModel_EmptyLibrary_SaveAndReload	empty_library_save_and_reload	emf-ecore-codegen
E2E_GenModelXmiTests	E2E_GenModel_InstantiateAndSave_ProducesXmi	instantiate_and_save_produces_xmi	emf-ecore-codegen
E2E_GenModelXmiTests	E2E_GenModel_InstantiateLibrary_SetName	instantiate_library_set_name	emf-ecore-codegen
E2E_GenModelXmiTests	E2E_GenModel_LoadEcore_VerifyStructure	load_ecore_verify_structure	emf-ecore-codegen
E2E_GenModelXmiTests	E2E_GenModel_MultiRootSave_WrappedInXmiXmi	multi_root_save_wrapped_in_xmi_xmi	emf-ecore-codegen
E2E_GenModelXmiTests	E2E_GenModel_PackageAutoRegisteredToRegistry	package_resolvable_from_registry	emf-ecore-codegen
E2E_GenModelXmiTests	E2E_GenModel_SaveAndReload_BookAttributesPreserved	save_and_reload_book_attributes_preserved	emf-ecore-codegen
E2E_GenModelXmiTests	E2E_GenModel_SaveAndReload_ContainmentChildrenPreserved	save_and_reload_containment_children_preserved	emf-ecore-codegen
E2E_GenModelXmiTests	E2E_GenModel_SaveAndReload_LibraryNamePreserved	save_and_reload_library_name_preserved	emf-ecore-codegen
E2E_GenModelXmiTests	E2E_GenModel_SaveReloadSave_Idempotent	save_reload_save_idempotent	emf-ecore-codegen
E2E_MultiFileEcoreTests	E2E_MultiFileEcore_BasePackageLoadedAndRegistered	base_package_loaded_and_registered	emf-ecore-codegen
E2E_MultiFileEcoreTests	E2E_MultiFileEcore_BookCollectionBooksETypeResolved	book_collection_books_e_type_resolves	emf-ecore-codegen
E2E_MultiFileEcoreTests	E2E_MultiFileEcore_BothPackagesInRegistry	both_packages_in_registry	emf-ecore-codegen
E2E_MultiFileEcoreTests	E2E_MultiFileEcore_CrossPackageETypeResolved	cross_package_e_type_highlighted_resolves	emf-ecore-codegen
E2E_MultiFileEcoreTests	E2E_MultiFileEcore_CrossPackageSuperTypesResolved	cross_package_super_types_resolved	emf-ecore-codegen
E2E_MultiFileEcoreTests	E2E_MultiFileEcore_ExtPackageLoadedAfterBase	ext_package_loaded_after_base	emf-ecore-codegen
E2E_MultiFileEcoreTests	E2E_MultiFileEcore_LoadSampleLibraryEcore	load_sample_library_ecore	emf-ecore-codegen
E2E_MultiFileEcoreTests	E2E_MultiFileEcore_LoadSampleLibraryExtEcore	load_sample_library_ext_ecore	emf-ecore-codegen
E2E_MultiFileEcoreTests	E2E_MultiFileEcore_SampleCrossFileETypeResolved	sample_cross_file_e_type_resolved	emf-ecore-codegen
E2E_MultiFileEcoreTests	E2E_MultiFileEcore_SampleCrossFileSuperTypesResolved	sample_cross_file_super_types_resolved	emf-ecore-codegen
E2E_ProxyModelTests	E2E_Proxy_IsProxy_PersistentAfterSet	is_proxy_persistent_after_set	emf-xmi
E2E_ProxyModelTests	E2E_Proxy_MultipleProxies_Independent	multiple_proxies_are_independent	emf-xmi
E2E_ProxyModelTests	E2E_Proxy_NewObject_IsNotProxy	new_object_is_not_proxy	emf-xmi
E2E_ProxyModelTests	E2E_Proxy_ProxyURIReturnsSetURI	proxy_uri_returns_set_uri	emf-xmi
E2E_ProxyModelTests	E2E_Proxy_ProxyURIWithFragment_StoredCorrectly	proxy_uri_with_fragment_stored_correctly	emf-xmi
E2E_ProxyModelTests	E2E_Proxy_ProxyURI_Overwrite	proxy_uri_overwrite	emf-xmi
E2E_ProxyModelTests	E2E_Proxy_ResolveProxy_NoResourceSet_ReturnsProxy	resolve_proxy_no_resource_set_returns_proxy	emf-xmi
E2E_ProxyModelTests	E2E_Proxy_ResolveProxy_NonProxyReturnsSelf	resolve_proxy_non_proxy_returns_self	emf-xmi
E2E_ProxyModelTests	E2E_Proxy_ResolveProxy_ResolvesViaResourceSet	resolve_proxy_resolves_via_resource_set	emf-xmi
E2E_ProxyModelTests	E2E_Proxy_ResourceSet_CrossResourceLookup	resource_set_cross_resource_lookup	emf-xmi
E2E_ProxyModelTests	E2E_Proxy_ResourceSet_GetEObjectWithFragment	resource_set_get_eobject_with_fragment_finds_root	emf-xmi
E2E_ProxyModelTests	E2E_Proxy_ResourceSet_GetResource_ReturnsRegistered	resource_set_get_resource_returns_registered	emf-xmi
E2E_ProxyModelTests	E2E_Proxy_SetProxyURI_MakesIsProxyTrue	set_proxy_uri_makes_is_proxy_true	emf-xmi
E2E_GenModelXmiMultiEcoreTypedTests	E2E_TypedMultiEcore_AddToInheritedContainment	add_to_inherited_containment	emf-ecore-codegen
E2E_GenModelXmiMultiEcoreTypedTests	E2E_TypedMultiEcore_AddToOwnContainment	add_to_own_containment	emf-ecore-codegen
E2E_GenModelXmiMultiEcoreTypedTests	E2E_TypedMultiEcore_AllContainmentsIncludeInherited	all_containments_include_inherited	emf-ecore-codegen
E2E_GenModelXmiMultiEcoreTypedTests	E2E_TypedMultiEcore_AnnotatedLibraryInheritsLibrary	annotated_library_inherits_library	emf-ecore-codegen
E2E_GenModelXmiMultiEcoreTypedTests	E2E_TypedMultiEcore_CrossPackageContainmentEType	cross_package_containment_e_type	emf-ecore-codegen
E2E_GenModelXmiMultiEcoreTypedTests	E2E_TypedMultiEcore_FactoriesIndependent	factories_are_independent	emf-ecore-codegen
E2E_GenModelXmiMultiEcoreTypedTests	E2E_TypedMultiEcore_InheritedFeaturesInAllFeatures	inherited_features_in_all_features	emf-ecore-codegen
E2E_GenModelXmiMultiEcoreTypedTests	E2E_TypedMultiEcore_InstantiateAnnotatedLibrary	instantiate_annotated_library	emf-ecore-codegen
E2E_GenModelXmiMultiEcoreTypedTests	E2E_TypedMultiEcore_OwnFeaturesAccessible	own_features_accessible	emf-ecore-codegen
E2E_GenModelXmiMultiEcoreTypedTests	E2E_TypedMultiEcore_SaveAnnotatedLibraryInstance	save_annotated_library_instance	emf-ecore-codegen
E2E_GenModelXmiMultiEcoreTypedTests	E2E_TypedMultiEcore_SetInheritedAttribute	set_inherited_attribute	emf-ecore-codegen
E2E_GenModelXmiMultiEcoreTypedTests	E2E_TypedMultiEcore_SetOwnAttribute	set_own_attribute	emf-ecore-codegen
E2E_GenModelXmiTypedMultiFileTests	E2E_TypedMultiFile_AllFilesUseSameRegisteredPackage	all_files_use_same_registered_package	emf-ecore-codegen
E2E_GenModelXmiTypedMultiFileTests	E2E_TypedMultiFile_AuthorsAttributes_LoadedCorrectly	authors_attributes_loaded_correctly	emf-ecore-codegen
E2E_GenModelXmiTypedMultiFileTests	E2E_TypedMultiFile_LibraryAuthors_ContainmentLoaded	library_authors_containment_loaded	emf-ecore-codegen
E2E_GenModelXmiTypedMultiFileTests	E2E_TypedMultiFile_LibraryBooks_ContainmentLoaded	library_books_containment_loaded	emf-ecore-codegen
E2E_GenModelXmiTypedMultiFileTests	E2E_TypedMultiFile_LibraryName_LoadedCorrectly	library_name_loaded_correctly	emf-ecore-codegen
E2E_GenModelXmiTypedMultiFileTests	E2E_TypedMultiFile_LibraryPublishers_ContainmentLoaded	library_publishers_containment_loaded	emf-ecore-codegen
E2E_GenModelXmiTypedMultiFileTests	E2E_TypedMultiFile_LoadAuthorsXmi_MultiRoot	load_authors_xmi_multi_root	emf-ecore-codegen
E2E_GenModelXmiTypedMultiFileTests	E2E_TypedMultiFile_LoadLibraryXmi_SingleRoot	load_library_xmi_single_root	emf-ecore-codegen
E2E_GenModelXmiTypedMultiFileTests	E2E_TypedMultiFile_LoadPublishersXmi_MultiRoot	load_publishers_xmi_multi_root	emf-ecore-codegen
E2E_GenModelXmiTypedMultiFileTests	E2E_TypedMultiFile_MetaModelRegisteredToRegistry	meta_model_registered_to_registry	emf-ecore-codegen
E2E_GenModelXmiTypedMultiFileTests	E2E_TypedMultiFile_MultipleFiles_NoInterference	multiple_files_no_interference	emf-ecore-codegen
E2E_GenModelXmiTypedMultiFileTests	E2E_TypedMultiFile_PublisherAddress_NestedContainment	publisher_address_nested_containment	emf-ecore-codegen
RuntimeBehaviorTests	Runtime_Containment_eContainer_AutoSet	containment_single_sets_container	emf-ecore
RuntimeBehaviorTests	Runtime_DynamicEObject_TypeConfirmed	e_class_returns_constructor_class	emf-ecore
RuntimeBehaviorTests	Runtime_DynamicEObject_eClass_ReturnsCorrectClass	e_class_returns_constructor_class	emf-ecore
RuntimeBehaviorTests	Runtime_DynamicEObject_eGet_UnsetSingle_NoThrow	e_get_unset_attribute_null	emf-ecore
RuntimeBehaviorTests	Runtime_DynamicEObject_eIsSet_BeforeAndAfterSet	e_is_set_default_false_after_set_true	emf-ecore
RuntimeBehaviorTests	Runtime_DynamicEObject_eSet_OverwritesValue	e_set_overwrite_attribute	emf-ecore
RuntimeBehaviorTests	Runtime_DynamicEObject_eSet_eGet_SingleAttribute	e_set_e_get_string_attribute	emf-ecore
RuntimeBehaviorTests	Runtime_DynamicEObject_eUnset_ClearsIsSet	e_unset_clears_value	emf-ecore
RuntimeBehaviorTests	Runtime_MultiValueContainment_ListAccess	multi_value_e_get_returns_list	emf-ecore
RuntimeBehaviorTests	Runtime_eContents_CollectsContainmentChildren	e_contents_both_single_and_multi	emf-ecore
StaticVsDynamicXmiTests	StaticDynamic_DynamicXmi_HasExpectedFields	dynamic_xmi_has_expected_fields	emf-ecore-codegen
StaticVsDynamicXmiTests	StaticDynamic_DynamicXmi_RoundtripPreservesFields	dynamic_xmi_roundtrips_preserving_fields	emf-ecore-codegen
StaticVsDynamicXmiTests	StaticDynamic_StaticXmi_EqualsDynamicXmi	static_and_dynamic_xmi_agree	emf-ecore-codegen
JavaInteropTests	JavaInterop_LoadJavaLibraryEcore	load_java_like_library_ecore	emf-ecore-codegen
JavaInteropTests	JavaInterop_SaveBackJavaLibraryEcore	save_back_java_like_library_ecore	emf-ecore-codegen
XmiInteropTests	XmiInterop_CppCanRead_JavaStyle_AttributeCrossRef	load_java_style_attribute_cross_reference	emf-ecore-codegen
XmiInteropTests	XmiInterop_CppCanRead_JavaStyle_MultiValueAttributeCrossRef	load_java_style_multi_value_attribute_cross_reference	emf-ecore-codegen
XmiInteropTests	XmiInterop_CppCanRead_JavaStyle_XmiIdReference	load_java_style_xmiid_reference	emf-ecore-codegen
XmiInteropTests	XmiInterop_CppOutput_HasJavaCompatibleHref	cpp_output_has_java_compatible_href	emf-ecore-codegen
XmiInteropTests	XmiInterop_Roundtrip_PreservesCrossReference	roundtrip_preserves_cross_reference	emf-ecore-codegen
