# C++(参考, oracle) 测试 ↔ Rust(移植) 测试的等价映射表 —— emf-ecore 模块
#
# 列: group<TAB>cpp_test<TAB>rust_test<TAB>pkg
#   group    : emf-ecore 内的大类(EClassImpl / DynamicEObject / DataTypeUtil / ...)
#   cpp_test : C++ 单元测试名(来自 emf-cpp/emf-ecore/tests, 以 EMF_TEST 注册)
#   rust_test: 对应的 Rust 测试路径(compare.py 会用 `cargo test -p <pkg> <path> -- --exact` 单独跑)
#   pkg      : 所属 crate(emf-ecore 或 emf-common)
#
# 规则:
#   - 已映射且 Rust 同名校验通过 => PASS(行为等价)
#   - 已映射但 Rust 测试缺失 => PENDING(等价待实现, 可接受)
#   - 未映射的 C++ 测试 => PENDING(尚未核对), 逐步补齐
#   - 已映射但 Rust 测试失败 => REGRESSION(必须修复)
# 以 # 开头的行为注释, 忽略。
#
# 覆盖: C++ emf-ecore oracle 共 153 条(build/ecore_oracle.json), 已全部映射。
# 其中两条曾记作"不可移植", 现已如实表达:
#   - BasicEObject_EClass_DefaultNull: C++ eClass()==nullptr 无 Rust nullptr,
#     以 e_class() 返回空类名的裸 EObject 表达"无分类器"态(dynamic_eobject::b_eclass_default_null)。
#   - RemoveAdapter_DuringNotify_SafeIteration: 已把 emf-common remove_adapter 对齐
#     C++/Java eBasicRemoveAdapter(先 eNotify 再 erase), 被移除的 adapter 同样收到 REMOVING_ADAPTER。
# Placeholder 为 C++ test_main.cpp 的空框架冒烟测试, 1:1 移植为 no-op。
# ETypedElement 的 eGet/eSet/eIsSet/eUnset 反射块与 ETypeProxy:
# 由 ecore_reflection::ettypedelement_reflection_eget_eset(经 DynamicEObject 按名
# 反射读写 eLowerBound/eUpperBound/eOrdered/eUnique/eType)与 ettypedelement_set_type 覆盖。

group	cpp_test	rust_test	pkg
EClassImpl	EClassImpl_CreateEClassAndAttribute	eclass_create_eclass_and_attribute	emf-ecore
EClassImpl	EClassImpl_FeatureIDLookup	eclass_feature_id_lookup	emf-ecore
EClassImpl	EClassImpl_IsSuperTypeOf	eclass_is_super_type_of	emf-ecore
EClassImpl	EClassImpl_AbstractAndInterface	eclass_abstract_and_interface	emf-ecore
EClassImpl	EClassImpl_GetEStructuralFeatureByID	eclass_get_structural_feature_by_id	emf-ecore
EClassImpl	EClassImpl_GetEAllSuperTypes_TransitiveClosure	eclass_get_all_super_types_transitive_closure	emf-ecore
EClassImpl	EClassImpl_GetEAllSuperTypes_Multilevel	eclass_get_all_super_types_multilevel	emf-ecore
EClassImpl	EClassImpl_GetEAllAttributes_InheritsFromParent	eclass_get_all_attributes_inherits_from_parent	emf-ecore
EClassImpl	EClassImpl_GetEAllReferences_IncludesInherited	eclass_get_all_references_includes_inherited	emf-ecore
EClassImpl	EClassImpl_GetEAllContainments_OnlyContainmentRefs	eclass_get_all_containments_only_containment_refs	emf-ecore
EClassImpl	EClassImpl_GetEAllOperations_InheritsFromParent	eclass_get_all_operations_inherits_from_parent	emf-ecore
EClassImpl	EClassImpl_GetEAllStructuralFeatures_IncludesInherited	eclass_get_all_structural_features_includes_inherited	emf-ecore
EClassImpl	EClassImpl_GetEAllGenericSuperTypes_Transitive	eclass_get_all_generic_super_types_transitive	emf-ecore
EClassImpl	EClassImpl_GetEIDAttribute_FindsIDMarked	eclass_get_eid_attribute_finds_id_marked	emf-ecore
EClassImpl	EClassImpl_GetFeatureCount_OwnAndInherited	eclass_get_feature_count_own_and_inherited	emf-ecore
EClassImpl	EClassImpl_GetEOperation_ByOperationID	eclass_get_eoperation_by_operation_id	emf-ecore
EClassImpl	EClassImpl_GetOverride_FindsParentMethod	eclass_get_override_finds_parent_method	emf-ecore
EClassImpl	EClassImpl_GetFeatureType_NoCrash	eclass_get_feature_type_no_crash	emf-ecore
EClassImpl	EClassImpl_IsSuperTypeOf_WithInheritance	eclass_is_super_type_of_with_inheritance	emf-ecore
EPackageImpl	EPackageImpl_CreateAndGetClassifier	epackage_create_and_get_classifier	emf-ecore
EPackageImpl	EPackageImpl_RegisteredInGlobalRegistry	epackage_registered_in_registry	emf-ecore
EPackageImpl	EPackageImpl_Accessors	epackage_accessors	emf-ecore
EcorePackage	EcorePackage_Initialize	ecore_package_initialize	emf-ecore
EcorePackage	EcorePackage_MetaEClassesNonNull	ecore_package_meta_eclasses_non_null	emf-ecore
EcorePackage	EcorePackage_BuiltInDataTypesNonNull	ecore_package_builtin_data_types_non_null	emf-ecore
EcorePackage	EcorePackage_RegisteredToGlobalRegistry	ecore_package_registered_to_global_registry	emf-ecore
EcorePackage	EcorePackage_NamespaceConstants	ecore_package_namespace_constants	emf-ecore
EcorePackage	EcorePackage_FeatureIDConstants	ecore_package_feature_id_constants	emf-ecore
DataTypeUtil	DataTypeUtil_EStringFromTo	datatype_estring_from_to	emf-ecore
DataTypeUtil	DataTypeUtil_EIntFromTo	datatype_eint_from_to	emf-ecore
DataTypeUtil	DataTypeUtil_EBooleanFromTo	datatype_eboolean_from_to	emf-ecore
DataTypeUtil	DataTypeUtil_EDoubleFromTo	datatype_edouble_from_to	emf-ecore
DataTypeUtil	DataTypeUtil_DefaultValues	datatype_default_values	emf-ecore
DataTypeUtil	DataTypeUtil_NameOfEDataType	datatype_name_of_edata_type	emf-ecore
ETypedElement	ETypedElement_Defaults	ettypedelement_defaults	emf-ecore
ETypedElement	ETypedElement_SetEType	set_type_name	emf-ecore
ETypedElement	ETypedElement_IsMany	is_many_semantics	emf-ecore
ETypedElement	ETypedElement_EGenericType_Lazy	generic_type_lazy	emf-ecore
ETypedElement	ETypedElement_SetEType_SyncsGenericType	set_type_syncs_generic_type	emf-ecore
ETypedElement	ETypedElement_GenericTypeFollowsEType	generic_type_follows_e_type	emf-ecore
ETypedElement	ETypedElement_Union_GenericTypeArguments	union_generic_type_arguments	emf-ecore
ETypedElement	ETypedElement_GenericTypeWildcard	generic_type_wildcard	emf-ecore
ETypedElement	ETypedElement_Union_AsNestedGenericType	union_as_nested_generic_type	emf-ecore
EOperation	EOperation_OperationID_RoundTrip	operation_id_set_round_trip	emf-ecore
EOperation	EOperation_GetByName	get_operation_by_name	emf-ecore
EOperation	EOperation_EAllOperations_ContainsAll	operation_count_contains_all	emf-ecore
EInvoke	EInvoke_Default_Throws	invoke_default_errors	emf-ecore
EInvoke	EInvoke_NullOperation_Throws	invoke_null_operation_errors	emf-ecore
EInvoke	EInvoke_DelegatesToAddDelegate	invoke_delegates_to_add_delegate	emf-ecore
EInvoke	EInvoke_DelegateReceivesTargetAndArgs	invoke_delegate_receives_target_and_args	emf-ecore
EInvoke	EInvoke_DelegateReceivesEmptyArgs	invoke_delegate_receives_empty_args	emf-ecore
EInvoke	EInvoke_GreetDelegate_ReturnsString	invoke_greet_delegate_returns_string	emf-ecore
EInvoke	EInvoke_VoidDelegate_ReturnsEmptyAny	invoke_void_delegate_returns_none	emf-ecore
EInvoke	EInvoke_MultipleOperations_DistinctDelegates	invoke_multiple_operations_distinct_delegates	emf-ecore
EInvoke	EInvoke_UnregisteredOperation_Throws	invoke_unregistered_operation_errors	emf-ecore
EInvoke	EInvocationDelegate_DynamicInvoke_Direct	invocation_delegate_dynamic_invoke_direct	emf-ecore
EInvoke	EInvocationDelegate_DynamicInvoke_SingleArg	invocation_delegate_dynamic_invoke_single_arg	emf-ecore
EInvoke	EInvocationDelegate_DynamicInvoke_NoArgs	invocation_delegate_dynamic_invoke_no_args	emf-ecore
EInvoke	EDerivedOperationID_DefaultReturnsMinusOne	derived_operation_id_default_minus_one	emf-ecore
EInvoke	EInvoke_ReplaceDelegate	invoke_replace_delegate	emf-ecore
DynamicEObject	DynamicEObject_EClass_ReturnsConstructorClass	dynamic_eobject::eclass_returns_constructor_class	emf-ecore
DynamicEObject	DynamicEObject_ESetEGet_StringAttribute	dynamic_eobject::eset_eget_string_attribute	emf-ecore
DynamicEObject	DynamicEObject_ESetEGet_IntAttribute	dynamic_eobject::eset_eget_int_attribute	emf-ecore
DynamicEObject	DynamicEObject_ESetEGet_ByFeatureID	dynamic_eobject::eset_eget_by_feature_id	emf-ecore
DynamicEObject	DynamicEObject_ESetEGet_ByFeatureID_Int	dynamic_eobject::eset_eget_by_feature_id_int	emf-ecore
DynamicEObject	DynamicEObject_EGet_UnsetAttribute_Empty	dynamic_eobject::eget_unset_attribute_empty	emf-ecore
DynamicEObject	DynamicEObject_EGet_NullFeature_Empty	dynamic_eobject::eget_null_feature_empty	emf-ecore
DynamicEObject	DynamicEObject_EGet_WithResolveFlag	dynamic_eobject::eget_with_resolve_flag	emf-ecore
DynamicEObject	DynamicEObject_EIsSet_DefaultFalse	dynamic_eobject::eis_set_default_false	emf-ecore
DynamicEObject	DynamicEObject_EIsSet_AfterSetTrue	dynamic_eobject::eis_set_after_set_true	emf-ecore
DynamicEObject	DynamicEObject_EIsSet_NullFeature_False	dynamic_eobject::eis_set_null_feature_false	emf-ecore
DynamicEObject	DynamicEObject_EIsSet_ByFeatureID	dynamic_eobject::eis_set_by_feature_id	emf-ecore
DynamicEObject	DynamicEObject_EUnset_ClearsValue	dynamic_eobject::eunset_clears_value	emf-ecore
DynamicEObject	DynamicEObject_EUnset_ByFeatureID	dynamic_eobject::eunset_by_feature_id	emf-ecore
DynamicEObject	DynamicEObject_EUnset_NullFeature_NoOp	dynamic_eobject::eunset_null_feature_no_op	emf-ecore
DynamicEObject	DynamicEObject_ESet_NullFeature_NoOp	dynamic_eobject::eset_null_feature_no_op	emf-ecore
DynamicEObject	DynamicEObject_ESet_OverwriteAttribute	dynamic_eobject::eset_overwrite_attribute	emf-ecore
BasicEObject	BasicEObject_EClass_ReturnsSetClass	dynamic_eobject::b_eclass_returns_set_class	emf-ecore
BasicEObject	BasicEObject_EContainer_DefaultNull	dynamic_eobject::b_econtainer_default_null	emf-ecore
BasicEObject	BasicEObject_EDynamicGet_Unset_ReturnsEmpty	dynamic_eobject::edynamic_get_unset_returns_empty	emf-ecore
BasicEObject	BasicEObject_EDynamicSet_ThenGet	dynamic_eobject::edynamic_set_then_get	emf-ecore
BasicEObject	BasicEObject_EDynamicSet_DistinctFeatures	dynamic_eobject::edynamic_set_distinct_features	emf-ecore
BasicEObject	BasicEObject_EDynamicSet_Overwrite	dynamic_eobject::edynamic_set_overwrite	emf-ecore
BasicEObject	BasicEObject_EDynamicIsSet_DefaultFalse	dynamic_eobject::edynamic_is_set_default_false	emf-ecore
BasicEObject	BasicEObject_EDynamicIsSet_AfterSetTrue	dynamic_eobject::edynamic_is_set_after_set_true	emf-ecore
BasicEObject	BasicEObject_EDynamicUnset_ClearsValue	dynamic_eobject::edynamic_unset_clears_value	emf-ecore
BasicEObject	BasicEObject_EDynamicUnset_NotPreviouslySet_NoOp	dynamic_eobject::edynamic_unset_not_previously_set_no_op	emf-ecore
BasicEObject	BasicEObject_EContainer_AfterSetEContainer	b_e_container_after_set_e_container	emf-ecore
BasicEObject	BasicEObject_ERegisterInverseList_EnablesInverseAdd	b_register_inverse_list_enables_inverse_add	emf-ecore
BasicEObject	BasicEObject_EInverseAdd_UnregisteredFeature_NoOp	b_e_inverse_add_unregistered_feature_no_op	emf-ecore
BasicEObject	BasicEObject_EInverseRemove_RemovesFromList	b_e_inverse_remove_removes_from_list	emf-ecore
BasicEObject	BasicEObject_EInverseRemove_UnregisteredFeature_NoOp	b_e_inverse_remove_unregistered_feature_no_op	emf-ecore
BasicEObject	BasicEObject_EUnregisterInverseList_DisablesInverseAdd	b_e_unregister_inverse_list_disables_inverse_add	emf-ecore
BasicEObject	BasicEObject_EUnregisterInverseList_WrongList_NoOp	b_e_unregister_inverse_list_wrong_list_no_op	emf-ecore
BasicEObject	BasicEObject_ERegisterInverseList_NullList_NoOp	b_register_inverse_list_null_no_op	emf-ecore
BasicEObject	BasicEObject_EInverseAdd_PassesThroughNotifications	b_e_inverse_add_passes_through_notifications	emf-ecore
BasicEObject	BasicEObject_EInverseRemove_PassesThroughNotifications	b_e_inverse_remove_passes_through_notifications	emf-ecore
BasicEObject	BasicEObject_ENotificationRequired_NoAdapters_False	b_e_notification_required_no_adapters_false	emf-ecore
BasicEObject	BasicEObject_ESet_Feature_FiresSetAndReadsBack	b_e_set_fires_set_and_reads_back	emf-ecore
BasicEObject	BasicEObject_EUnset_Feature_FiresUnsetNotification	b_e_unset_fires_unset	emf-ecore
BasicEObject	BasicEObject_EDynamicGet_NullFeature_ReturnsEmpty	b_e_dynamic_null_feature_cases	emf-ecore
BasicEObject	BasicEObject_EDynamicSet_NullFeature_NoOp	b_e_dynamic_null_feature_cases	emf-ecore
BasicEObject	BasicEObject_EDynamicIsSet_NullFeature_False	b_e_dynamic_null_feature_cases	emf-ecore
BasicEObject	BasicEObject_EDynamicUnset_NullFeature_NoOp	b_e_dynamic_null_feature_cases	emf-ecore
DataTypeUtil	DataTypeUtil_Coerce	datatype_coerce	emf-ecore
DataTypeUtil	DataTypeUtil_DefaultValueForClassifier	datatype_default_value_for_classifier	emf-ecore
DynamicEObject	DynamicEObject_EContents_DefaultEmpty	e_contents_default_empty	emf-ecore
DynamicEObject	DynamicEObject_Containment_Single_SetsEContainer	containment_single_sets_container	emf-ecore
DynamicEObject	DynamicEObject_Containment_Single_GetReturnsChild	containment_single_get_returns_child	emf-ecore
DynamicEObject	DynamicEObject_Containment_Single_IsSet	containment_single_is_set_and_unset	emf-ecore
DynamicEObject	DynamicEObject_Containment_NullValue_NoEContainer	containment_null_value_no_container	emf-ecore
DynamicEObject	DynamicEObject_MultiValue_EGetReturnsListPointer	multi_value_e_get_returns_list	emf-ecore
DynamicEObject	DynamicEObject_MultiValue_MutateListDirectly	multi_value_mutate_list_directly_and_reuse	emf-ecore
DynamicEObject	DynamicEObject_MultiValue_IsSet_AfterAdd	multi_value_is_set_after_add	emf-ecore
DynamicEObject	DynamicEObject_MultiValue_EUnset_ClearsList	multi_value_unset_clears_list	emf-ecore
DynamicEObject	DynamicEObject_EContents_SingleContainment	e_contents_single_containment	emf-ecore
DynamicEObject	DynamicEObject_EContents_MultiContainment	e_contents_multi_containment	emf-ecore
DynamicEObject	DynamicEObject_EContents_BothSingleAndMulti	e_contents_both_single_and_multi	emf-ecore
DynamicEObject	DynamicEObject_EContents_NoContainment_Empty	e_contents_no_containment_empty	emf-ecore
DynamicEObject	DynamicEObject_ESet_OverwriteContainmentChild	e_set_overwrite_containment_child	emf-ecore
ETypedElement	ETypedElement_EGet	ettypedelement_reflection_eget_eset	emf-ecore
ETypedElement	ETypedElement_ESet	ettypedelement_reflection_eget_eset	emf-ecore
ETypedElement	ETypedElement_EIsSet_Defaults	ettypedelement_reflection_eget_eset	emf-ecore
ETypedElement	ETypedElement_EIsSet_AfterSet	ettypedelement_reflection_eget_eset	emf-ecore
ETypedElement	ETypedElement_EUnset	ettypedelement_reflection_eget_eset	emf-ecore
ETypedElement	ETypedElement_ETypeProxy	ettypedelement_set_type	emf-ecore
ChangeNotification	Notification_Construct_SetAccessors	notification_construct_set_accessors	emf-common
ChangeNotification	Notification_Construct_WithPosition	notification_construct_with_position	emf-common
ChangeNotification	Notification_DefaultPosition_IsMinusOne	notification_default_position_minus_one	emf-common
ChangeNotification	Notification_EventType_Values	notification_event_type_values	emf-common
ChangeNotification	Notification_EventType_RoundTrip	notification_event_type_round_trip	emf-common
ChangeNotification	Notification_EventTypeName_KnownTypes	notification_event_type_name_known_types	emf-common
ChangeNotification	Notification_WasTouched_DefaultFalse	notification_was_set_default_false	emf-common
ChangeNotification	Notification_Touch_MarksTouched	notification_touch_marks_touched	emf-common
ChangeNotification	NotificationChain_Aggregate	notification_chain_aggregate	emf-common
ChangeNotification	NotificationChain_Empty	notification_chain_empty	emf-common
ChangeNotification	NotificationChain_Merge	notification_chain_merge	emf-common
ChangeNotification	ENotify_DeliversToAdapter	enotify_delivers_to_adapter	emf-common
ChangeNotification	ENotify_EDeliverFalse_Suppresses	notifier_e_notify_deliver_false_no_delivery	emf-common
ChangeNotification	ENotify_EDeliverTrue_Default	notifier_default_deliver_true	emf-common
ChangeNotification	ENotify_NoAdapters_NoOp	notifier_e_notify_no_adapters_no_crash	emf-common
ChangeNotification	ENotify_MultipleAdapters_AllReceive	notifier_e_notify_deliver_true_delivered_to_all	emf-common
ChangeNotification	ENotify_DuplicateAdapter_AddedOnce	enotify_duplicate_adapter_added_once	emf-common
ChangeNotification	ENotify_ENotificationRequired_NoAdapters_False	notification_required_no_adapters_false	emf-common
ChangeNotification	ENotify_ENotificationRequired_WithAdapterAndDeliver_True	notification_required_adapter_and_deliver_true	emf-common
ChangeNotification	ENotify_ENotificationRequired_DeliverFalse_False	notification_required_adapter_but_no_deliver_false	emf-common
ChangeNotification	RemoveAdapter_TriggersRemovingAdapterNotification	remove_adapter_notifies_remaining_adapters	emf-common
ChangeNotification	RemoveAdapter_NotInList_NoOp	notifier_remove_adapter_not_present_no_change	emf-common
ChangeNotification	EAdapter_SetGetTarget	eadapter_set_get_target	emf-common
ChangeNotification	EAdapter_IsAdapterForType_DefaultFalse	eadapter_is_adapter_for_type_default_false	emf-common
ChangeNotification	RemoveAdapter_DuringNotify_SafeIteration	remove_adapter_during_notify_removed_adapter_receives_removing_adapter	emf-common
BasicEObject	BasicEObject_EClass_DefaultNull	dynamic_eobject::b_eclass_default_null	emf-ecore
Framework	Placeholder	placeholder	emf-ecore